"Date","Price","Open","High","Low","Vol.","Change %"
"12/29/2023","686.25","684.80","689.90","673.50","461.14K","0.21%"
"12/28/2023","684.80","680.85","688.80","679.25","556.32K","1.02%"
"12/27/2023","677.90","678.00","683.05","668.65","712.86K","0.45%"
"12/26/2023","674.85","654.00","680.00","651.40","1.13M","4.00%"
"12/22/2023","648.90","656.70","656.70","636.05","1.11M","-0.15%"
"12/21/2023","649.85","650.00","659.85","630.90","1.70M","-0.06%"
"12/20/2023","650.25","671.60","674.50","649.00","1.53M","-2.07%"
"12/19/2023","664.00","677.85","680.65","662.15","2.17M","-2.54%"
"12/18/2023","681.30","694.40","697.25","678.00","1.52M","-1.00%"
"12/15/2023","688.20","704.35","704.35","685.05","2.48M","-2.29%"
"12/14/2023","704.35","727.90","728.00","700.60","2.95M","-2.57%"
"12/13/2023","722.90","700.55","727.90","698.00","2.02M","3.35%"
"12/12/2023","699.50","692.00","701.70","687.70","2.15M","1.80%"
"12/11/2023","687.10","688.00","688.95","677.05","2.21M","1.31%"
"12/08/2023","678.20","668.85","682.20","665.45","1.59M","1.40%"
"12/07/2023","668.85","658.20","672.30","652.00","925.54K","1.91%"
"12/06/2023","656.30","667.05","674.25","654.30","1.64M","-3.92%"
"12/05/2023","683.05","704.65","704.65","676.00","2.10M","-1.21%"
"12/04/2023","691.40","658.50","709.00","651.05","2.29M","5.99%"
"12/01/2023","652.35","628.75","654.80","622.30","2.24M","2.60%"
"11/30/2023","635.80","610.00","665.70","610.00","4.83M","3.68%"
"11/29/2023","613.25","608.10","620.05","606.10","1.33M","1.93%"
"11/28/2023","601.65","611.05","620.10","599.15","1.16M","-1.81%"
"11/24/2023","612.75","614.00","622.65","610.50","406.45K","-0.55%"
"11/23/2023","616.15","619.75","625.10","611.40","317.53K","-0.07%"
"11/22/2023","616.60","605.20","620.95","600.45","1.28M","2.04%"
"11/21/2023","604.30","618.15","619.00","602.95","1.40M","-2.78%"
"11/20/2023","621.55","612.00","633.20","609.85","1.18M","2.27%"
"11/17/2023","607.75","616.90","623.65","605.40","1.27M","-1.24%"
"11/16/2023","615.40","601.80","619.95","599.65","2.08M","2.71%"
"11/15/2023","599.15","599.90","600.95","590.10","1.59M","1.08%"
"11/13/2023","592.75","592.00","600.00","591.05","553.68K","-0.59%"
"11/12/2023","596.25","598.60","599.85","594.35","57.24K","0.57%"
"11/10/2023","592.90","593.25","596.60","586.20","589.49K","-0.06%"
"11/09/2023","593.25","591.50","596.85","585.40","684.64K","0.45%"
"11/08/2023","590.60","598.00","599.50","583.95","1.13M","-1.15%"
"11/07/2023","597.45","593.00","601.90","586.05","1.21M","0.58%"
"11/06/2023","594.00","582.95","609.00","570.00","1.44M","2.74%"
"11/03/2023","578.15","585.45","585.45","572.05","1.79M","-0.56%"
"11/02/2023","581.40","578.95","589.00","576.00","783.30K","0.86%"
"11/01/2023","576.45","574.95","583.95","569.05","941.97K","0.47%"
"10/31/2023","573.75","581.00","593.55","571.00","888.78K","-0.42%"
"10/30/2023","576.15","563.50","581.95","562.00","1.50M","2.19%"
"10/27/2023","563.80","558.80","568.70","546.00","2.56M","2.69%"
"10/26/2023","549.05","562.00","562.00","538.65","1.92M","-3.52%"
"10/25/2023","569.10","580.05","580.95","549.10","2.72M","-1.51%"
"10/23/2023","577.85","585.00","585.20","573.65","671.46K","-1.06%"
"10/20/2023","584.05","579.90","586.40","570.65","862.44K","0.72%"
"10/19/2023","579.90","576.90","597.95","574.60","2.95M","0.35%"
"10/18/2023","577.90","579.90","583.60","575.55","862.25K","0.70%"
"10/17/2023","573.90","582.00","584.00","571.25","822.91K","-0.44%"
"10/16/2023","576.45","582.90","589.25","573.60","1.23M","-1.09%"
"10/13/2023","582.80","581.80","595.00","578.60","1.16M","0.33%"
"10/12/2023","580.90","578.90","597.70","577.45","1.90M","1.21%"
"10/11/2023","573.95","563.70","586.85","562.60","2.90M","3.41%"
"10/10/2023","555.00","570.35","571.85","552.00","2.64M","-2.39%"
"10/09/2023","568.60","554.90","575.10","553.25","1.05M","1.41%"
"10/06/2023","560.70","564.00","567.80","558.00","1.59M","-0.32%"
"10/05/2023","562.50","575.00","575.90","560.00","753.39K","-1.35%"
"10/04/2023","570.20","590.00","590.00","563.35","1.64M","-3.71%"
"10/03/2023","592.20","568.95","601.00","562.95","3.02M","4.37%"
"09/29/2023","567.40","569.95","574.70","558.70","1.68M","-0.39%"
"09/28/2023","569.60","578.75","581.00","563.20","1.09M","-0.70%"
"09/27/2023","573.60","570.65","578.80","563.65","927.35K","1.33%"
"09/26/2023","566.05","558.00","569.75","550.95","964.76K","1.78%"
"09/25/2023","556.15","543.45","561.55","531.05","2.25M","2.37%"
"09/22/2023","543.25","555.85","559.40","538.50","2.15M","-2.34%"
"09/21/2023","556.25","554.70","565.55","547.55","1.55M","0.38%"
"09/20/2023","554.15","570.00","572.00","551.25","2.16M","-3.53%"
"09/18/2023","574.40","572.45","582.40","565.60","1.31M","0.34%"
"09/15/2023","572.45","585.00","596.80","567.20","4.63M","-1.97%"
"09/14/2023","583.95","586.70","588.80","582.10","1.20M","0.21%"
"09/13/2023","582.70","611.00","611.50","577.35","3.43M","-5.78%"
"09/12/2023","618.45","628.00","628.00","605.00","3.42M","-0.59%"
"09/11/2023","622.15","603.00","625.00","603.00","1.44M","3.18%"
"09/08/2023","603.00","596.60","608.80","593.10","1.31M","0.01%"
"09/07/2023","602.95","585.00","606.15","585.00","1.86M","2.44%"
"09/06/2023","588.60","593.45","595.00","580.50","1.17M","-0.98%"
"09/05/2023","594.45","577.00","596.95","575.45","1.60M","3.43%"
"09/04/2023","574.75","574.00","580.90","573.00","1.74M","-0.03%"
"09/01/2023","574.95","589.55","590.00","573.00","1.24M","-2.48%"
"08/31/2023","589.55","580.00","599.00","570.65","3.06M","2.47%"
"08/30/2023","575.35","563.00","578.40","563.00","1.41M","2.36%"
"08/29/2023","562.10","560.00","569.85","559.95","2.06M","1.29%"
"08/28/2023","554.95","560.00","561.25","551.10","1.50M","0.24%"
"08/25/2023","553.60","563.30","563.30","548.00","2.23M","-1.72%"
"08/24/2023","563.30","584.55","591.20","560.25","2.65M","-2.98%"
"08/23/2023","580.60","573.00","582.95","563.05","2.23M","1.99%"
"08/22/2023","569.25","551.00","570.00","548.50","1.52M","3.31%"
"08/21/2023","551.00","530.80","554.80","530.00","1.90M","3.30%"
"08/18/2023","533.40","544.50","547.95","530.00","1.43M","-1.53%"
"08/17/2023","541.70","534.00","552.70","526.40","2.26M","1.82%"
"08/16/2023","532.00","521.70","538.85","512.65","3.63M","1.97%"
"08/14/2023","521.70","529.00","529.00","508.50","1.98M","-1.54%"
"08/11/2023","529.85","537.15","540.95","525.55","2.63M","-1.29%"
"08/10/2023","536.75","549.95","551.45","532.10","1.88M","-2.40%"
"08/09/2023","549.95","558.00","559.00","545.40","2.28M","-1.71%"
"08/08/2023","559.50","590.00","591.95","554.05","2.93M","-4.09%"
"08/07/2023","583.35","545.15","588.95","539.75","3.10M","8.37%"
"08/04/2023","538.30","550.05","552.30","527.00","4.95M","-3.13%"
"08/03/2023","555.70","571.20","574.00","546.70","3.50M","-2.71%"
"08/02/2023","571.20","573.00","580.90","540.50","3.92M","-0.19%"
"08/01/2023","572.30","594.90","594.95","568.25","2.48M","-3.80%"
"07/31/2023","594.90","604.00","605.80","589.80","1.73M","-1.84%"
"07/28/2023","606.05","604.00","609.80","603.00","373.57K","0.51%"
"07/27/2023","602.95","609.80","609.95","600.65","659.02K","-0.82%"
"07/26/2023","607.95","614.20","614.20","602.00","1.22M","-0.48%"
"07/25/2023","610.90","614.30","618.00","605.40","1.27M","-0.12%"
"07/24/2023","611.65","606.90","615.00","600.00","1.13M","1.48%"
"07/21/2023","602.75","605.45","611.75","600.00","814.58K","-1.07%"
"07/20/2023","609.25","610.00","616.55","605.05","686.74K","-0.38%"
"07/19/2023","611.55","605.00","614.75","600.00","2.48M","1.27%"
"07/18/2023","603.90","611.90","611.95","601.00","1.06M","-1.32%"
"07/17/2023","612.00","604.20","613.00","599.15","2.04M","1.87%"
"07/14/2023","600.75","621.00","622.10","595.05","2.46M","-2.97%"
"07/13/2023","619.15","617.90","623.00","614.00","1.50M","0.64%"
"07/12/2023","615.20","621.00","621.40","611.45","1.13M","-0.68%"
"07/11/2023","619.40","614.65","623.20","611.25","2.17M","1.10%"
"07/10/2023","612.65","610.00","617.20","608.60","812.69K","0.45%"
"07/07/2023","609.90","613.80","619.40","605.40","819.01K","-0.71%"
"07/06/2023","614.25","607.70","618.60","602.10","6.20M","1.76%"
"07/05/2023","603.65","598.00","612.35","593.85","4.90M","1.65%"
"07/04/2023","593.85","605.00","608.60","590.15","1.32M","-1.98%"
"07/03/2023","605.85","600.00","608.40","596.00","1.22M","1.07%"
"06/30/2023","599.45","609.00","620.85","596.70","2.20M","-0.64%"
"06/28/2023","603.30","609.70","623.45","598.30","5.72M","-1.04%"
"06/27/2023","609.65","609.65","616.85","605.85","1.88M","1.16%"
"06/26/2023","602.65","578.65","609.00","578.65","2.07M","3.81%"
"06/23/2023","580.55","577.00","585.50","565.25","1.46M","-0.07%"
"06/22/2023","580.95","581.40","586.95","571.25","1.29M","0.27%"
"06/21/2023","579.40","588.45","594.80","575.55","2.09M","-0.80%"
"06/20/2023","584.05","601.25","602.85","582.35","1.97M","-2.93%"
"06/19/2023","601.65","597.35","630.00","595.50","2.09M","1.22%"
"06/16/2023","594.40","590.00","600.55","585.85","1.94M","1.61%"
"06/15/2023","585.00","585.65","593.45","575.65","1.52M","0.27%"
"06/14/2023","583.40","575.00","584.65","573.25","2.60M","1.19%"
"06/13/2023","576.55","569.05","579.70","567.05","4.84M","1.71%"
"06/12/2023","566.85","571.90","573.70","562.95","986.66K","-0.50%"
"06/09/2023","569.70","559.40","577.40","557.50","4.52M","2.21%"
"06/08/2023","557.40","559.85","562.10","549.05","3.58M","-0.44%"
"06/07/2023","559.85","526.95","565.00","526.75","6.09M","6.86%"
"06/06/2023","523.90","510.00","528.00","508.80","3.90M","0.93%"
"06/05/2023","519.05","533.75","537.40","515.00","2.21M","-2.25%"
"06/02/2023","531.00","532.00","539.00","527.50","3.98M","-0.37%"
"06/01/2023","532.95","545.85","547.90","528.10","5.17M","-3.00%"
"05/31/2023","549.45","542.00","562.00","522.15","101.08M","2.56%"
"05/30/2023","535.75","539.80","546.80","532.55","7.78M","-0.21%"
"05/29/2023","536.90","542.40","548.00","534.05","2.28M","-0.61%"
"05/26/2023","540.20","540.45","556.95","535.00","4.48M","0.65%"
"05/25/2023","536.70","559.90","559.90","528.50","4.29M","-3.77%"
"05/24/2023","557.75","555.55","562.50","550.00","13.09M","0.72%"
"05/23/2023","553.75","558.00","564.75","546.45","9.70M","0.22%"
"05/22/2023","552.55","549.90","558.85","543.25","12.22M","1.36%"
"05/19/2023","545.15","534.25","552.10","534.25","6.72M","2.05%"
"05/18/2023","534.20","524.90","536.00","520.05","4.75M","2.22%"
"05/17/2023","522.60","512.30","528.40","508.50","5.22M","2.92%"
"05/16/2023","507.75","521.90","525.00","502.00","5.65M","-2.34%"
"05/15/2023","519.90","499.50","524.70","495.60","4.28M","4.01%"
"05/12/2023","499.85","509.00","513.25","497.25","13.43M","3.26%"
"05/11/2023","484.05","480.00","485.80","478.60","2.02M","0.81%"
"05/10/2023","480.15","483.25","483.25","468.10","1.76M","-0.24%"
"05/09/2023","481.30","481.10","484.75","471.20","2.15M","0.56%"
"05/08/2023","478.60","487.50","490.35","474.35","1.94M","-1.17%"
"05/05/2023","484.25","480.00","486.00","476.10","707.70K","0.64%"
"05/04/2023","481.15","471.65","484.40","469.05","1.22M","1.07%"
"05/03/2023","476.05","474.70","482.40","468.25","2.80M","0.26%"
"05/02/2023","474.80","460.90","479.00","460.45","1.89M","3.21%"
"04/28/2023","460.05","454.00","462.10","449.00","1.11M","1.74%"
"04/27/2023","452.20","442.55","454.40","438.45","1.15M","2.70%"
"04/26/2023","440.30","441.05","445.35","436.90","1.13M","0.05%"
"04/25/2023","440.10","447.00","450.55","435.05","8.06M","-2.16%"
"04/24/2023","449.80","453.45","454.15","443.00","948.44K","-0.80%"
"04/21/2023","453.45","466.60","467.25","451.15","1.28M","-2.57%"
"04/20/2023","465.40","471.40","475.90","465.00","1.12M","-0.94%"
"04/19/2023","469.80","466.25","477.95","464.55","2.42M","1.27%"
"04/18/2023","463.90","471.00","471.00","460.25","2.52M","-1.57%"
"04/17/2023","471.30","473.60","474.90","457.10","2.16M","-0.07%"
"04/13/2023","471.65","479.00","495.00","468.35","4.21M","-1.53%"
"04/12/2023","479.00","450.20","486.25","438.50","14.21M","6.23%"
"04/11/2023","450.90","443.00","459.90","442.20","2.28M","2.31%"
"04/10/2023","440.70","436.10","451.50","434.20","2.01M","2.41%"
"04/06/2023","430.35","415.75","434.95","411.90","1.94M","2.67%"
"04/05/2023","419.15","428.00","431.90","413.10","3.12M","-3.13%"
"04/03/2023","432.70","436.45","439.00","431.55","1.58M","-1.90%"
"03/31/2023","441.10","450.20","451.35","436.00","1.53M","-2.35%"
"03/29/2023","451.70","443.80","458.00","443.80","1.16M","0.39%"
"03/28/2023","449.95","459.40","460.95","448.00","3.07M","-2.06%"
"03/27/2023","459.40","463.70","465.75","449.65","1.23M","-0.28%"
"03/24/2023","460.70","466.15","467.55","458.00","2.19M","-1.32%"
"03/23/2023","466.85","468.00","469.35","461.85","1.28M","-0.02%"
"03/22/2023","466.95","465.15","469.50","463.60","1.86M","0.53%"
"03/21/2023","464.50","468.40","470.45","461.65","5.09M","-0.79%"
"03/20/2023","468.20","474.95","474.95","458.60","4.31M","1.77%"
"03/17/2023","460.05","463.10","469.90","458.75","2.89M","-0.94%"
"03/16/2023","464.40","467.00","470.95","457.60","1.79M","-0.92%"
"03/15/2023","468.70","466.15","477.05","463.00","2.16M","0.01%"
"03/14/2023","468.65","465.80","477.80","462.30","3.98M","1.29%"
"03/13/2023","462.70","460.05","468.00","453.60","2.06M","1.08%"
"03/10/2023","457.75","453.20","461.80","450.15","3.71M","1.00%"
"03/09/2023","453.20","437.95","455.40","436.05","2.53M","3.48%"
"03/08/2023","437.95","424.00","439.00","424.00","1.16M","1.66%"
"03/06/2023","430.80","428.00","432.60","426.55","1.03M","1.26%"
"03/03/2023","425.45","429.95","431.50","423.05","618.26K","-0.92%"
"03/02/2023","429.40","433.50","433.75","428.50","709.56K","-0.96%"
"03/01/2023","433.55","428.25","435.00","426.50","1.34M","1.75%"
"02/28/2023","426.10","427.15","434.00","423.10","1.54M","-0.83%"
"02/27/2023","429.65","431.60","431.80","425.30","649.95K","-0.45%"
"02/24/2023","431.60","428.25","433.90","427.15","752.46K","0.78%"
"02/23/2023","428.25","432.25","432.90","426.15","1.03M","-0.70%"
"02/22/2023","431.25","431.15","437.35","429.45","1.08M","-0.45%"
"02/21/2023","433.20","428.00","435.40","428.00","1.02M","1.13%"
"02/20/2023","428.35","436.95","440.20","426.20","410.05K","-1.26%"
"02/17/2023","433.80","430.25","438.75","428.60","1.30M","0.95%"
"02/16/2023","429.70","421.70","433.95","417.15","5.50M","1.45%"
"02/15/2023","423.55","423.00","426.20","421.15","849.52K","0.05%"
"02/14/2023","423.35","428.20","429.95","421.00","1.44M","-1.68%"
"02/13/2023","430.60","437.60","438.75","426.65","1.45M","-1.55%"
"02/10/2023","437.40","440.50","442.85","435.45","778.81K","-0.70%"
"02/09/2023","440.50","439.00","442.10","436.85","527.43K","0.64%"
"02/08/2023","437.70","440.00","443.05","435.70","1.12M","-0.49%"
"02/07/2023","439.85","440.65","442.15","435.10","953.24K","-0.09%"
"02/06/2023","440.25","432.55","442.65","432.55","402.84K","1.09%"
"02/03/2023","435.50","441.00","441.55","425.05","2.67M","-1.24%"
"02/02/2023","440.95","440.00","443.65","434.05","1.51M","-0.06%"
"02/01/2023","441.20","463.60","463.60","430.50","1.61M","-0.11%"
"01/31/2023","441.70","440.05","447.50","434.05","1.61M","0.44%"
"01/30/2023","439.75","452.50","453.50","437.30","1.78M","-3.27%"
"01/27/2023","454.60","438.95","459.80","435.85","2.67M","3.75%"
"01/25/2023","438.15","434.60","440.80","425.05","2.21M","0.82%"
"01/24/2023","434.60","440.00","443.55","432.05","410.81K","-2.11%"
"01/23/2023","443.95","438.00","448.00","426.25","1.54M","1.27%"
"01/20/2023","438.40","446.00","451.10","436.00","1.06M","-1.85%"
"01/19/2023","446.65","450.25","453.00","442.10","1.28M","-1.18%"
"01/18/2023","452.00","455.25","455.85","445.95","1.13M","-0.37%"
"01/17/2023","453.70","455.80","455.80","446.00","1.39M","0.03%"
"01/16/2023","453.55","453.00","459.40","451.40","610.42K","0.12%"
"01/13/2023","453.00","452.60","456.80","447.25","1.19M","0.02%"
"01/12/2023","452.90","450.00","454.00","446.90","942.84K","0.99%"
"01/11/2023","448.45","454.00","459.40","445.25","793.53K","-0.72%"
"01/10/2023","451.70","451.00","462.55","447.80","3.46M","0.12%"
"01/09/2023","451.15","437.50","453.00","434.25","1.90M","4.11%"
"01/06/2023","433.35","440.05","440.40","429.25","1.17M","-1.51%"
"01/05/2023","440.00","446.00","449.35","437.30","1.18M","-1.16%"
"01/04/2023","445.15","445.00","447.95","436.85","687.30K","-0.31%"
"01/03/2023","446.55","451.15","451.15","442.50","396.31K","-0.23%"
"01/02/2023","447.60","441.75","451.25","435.40","613.06K","1.83%"
"12/30/2022","439.55","453.55","456.95","435.35","1.41M","-3.24%"
"12/29/2022","454.25","437.90","460.00","430.05","2.05M","3.71%"
"12/28/2022","438.00","439.50","439.80","433.20","379.34K","0.07%"
"12/27/2022","437.70","446.95","449.65","435.20","652.32K","-1.76%"
"12/26/2022","445.55","435.00","447.20","426.60","923.45K","3.04%"
"12/23/2022","432.40","447.00","447.20","427.30","837.21K","-3.31%"
"12/22/2022","447.20","442.50","450.90","437.05","2.22M","1.74%"
"12/21/2022","439.55","441.45","449.40","435.00","1.78M","0.30%"
"12/20/2022","438.25","423.25","440.00","422.65","2.06M","3.21%"
"12/19/2022","424.60","427.00","432.70","418.60","1.12M","-0.55%"
"12/16/2022","426.95","430.30","436.20","423.35","1.31M","-1.50%"
"12/15/2022","433.45","433.00","439.70","430.25","1.71M","0.37%"
"12/14/2022","431.85","430.20","434.50","428.45","1.16M","0.50%"
"12/13/2022","429.70","433.50","434.95","425.20","2.78M","-0.74%"
"12/12/2022","432.90","431.00","441.20","420.80","1.90M","0.05%"
"12/09/2022","432.70","436.15","439.10","429.50","974.84K","0.02%"
"12/08/2022","432.60","439.95","439.95","429.05","1.40M","-1.31%"
"12/07/2022","438.35","441.60","446.50","436.25","1.82M","-0.08%"
"12/06/2022","438.70","430.00","442.70","430.00","650.97K","0.25%"
"12/05/2022","437.60","451.25","452.15","435.20","1.17M","-2.21%"
"12/02/2022","447.50","452.80","452.80","445.05","806.48K","-1.06%"
"12/01/2022","452.30","450.50","458.00","448.05","2.74M","0.49%"
"11/30/2022","450.10","445.80","454.00","439.20","2.78M","1.63%"
"11/29/2022","442.90","442.25","450.50","441.10","1.99M","0.75%"
"11/28/2022","439.60","432.65","444.80","429.50","1.95M","1.98%"
"11/25/2022","431.05","438.00","451.45","426.15","2.32M","-1.17%"
"11/24/2022","436.15","432.85","443.35","429.10","3.09M","0.76%"
"11/23/2022","432.85","440.30","442.35","429.90","2.68M","-1.48%"
"11/22/2022","439.35","436.90","441.80","430.20","4.57M","1.50%"
"11/21/2022","432.85","428.00","441.70","427.10","5.76M","1.54%"
"11/18/2022","426.30","426.00","429.40","417.40","2.60M","1.96%"
"11/17/2022","418.10","425.90","435.50","410.50","3.71M","-1.58%"
"11/16/2022","424.80","435.40","435.40","412.55","4.73M","-1.93%"
"11/15/2022","433.15","442.00","442.00","431.25","2.36M","-2.14%"
"11/14/2022","442.60","448.30","449.50","440.50","895.08K","-0.56%"
"11/11/2022","445.10","465.00","465.50","441.05","1.03M","-3.19%"
"11/10/2022","459.75","459.90","460.95","453.20","1.10M","0.33%"
"11/09/2022","458.25","465.00","469.00","454.50","2.88M","0.27%"
"11/07/2022","457.00","466.90","467.50","452.00","1.62M","-1.26%"
"11/04/2022","462.85","464.70","467.75","459.00","3.36M","0.17%"
"11/03/2022","462.05","467.10","476.40","453.65","3.42M","-0.58%"
"11/02/2022","464.75","460.10","482.80","458.05","5.96M","1.52%"
"11/01/2022","457.80","457.90","470.00","447.60","3.60M","0.33%"
"10/31/2022","456.30","433.70","460.00","426.85","3.99M","6.03%"
"10/28/2022","430.35","421.25","434.85","421.25","1.46M","2.71%"
"10/27/2022","419.00","416.40","444.00","416.25","4.81M","-1.38%"
"10/25/2022","424.85","413.70","427.50","409.55","1.71M","3.23%"
"10/24/2022","411.55","413.80","414.50","409.05","73.38K","0.13%"
"10/21/2022","411.00","409.00","419.25","406.95","2.14M","-0.63%"
"10/20/2022","413.60","404.50","422.00","389.10","9.78M","2.00%"
"10/19/2022","405.50","420.50","420.50","401.10","1.62M","-0.48%"
"10/18/2022","407.45","424.35","424.35","404.20","1.68M","-2.87%"
"10/17/2022","419.50","427.45","435.00","417.00","1.17M","-1.93%"
"10/14/2022","427.75","430.00","436.80","424.65","986.28K","-0.33%"
"10/13/2022","429.15","420.00","435.90","414.05","3.31M","2.01%"
"10/12/2022","420.70","409.00","421.95","407.50","1.19M","2.42%"
"10/11/2022","410.75","411.00","413.90","408.50","1.39M","0.00%"
"10/10/2022","410.75","407.95","412.80","405.00","549.33K","-1.26%"
"10/07/2022","416.00","428.55","428.55","410.05","1.99M","-2.42%"
"10/06/2022","426.30","416.60","430.30","412.60","4.21M","3.10%"
"10/04/2022","413.50","417.60","421.30","412.05","1.65M","-0.40%"
"10/03/2022","415.15","407.75","424.00","405.10","2.91M","1.78%"
"09/30/2022","407.90","399.75","412.00","389.05","2.77M","1.28%"
"09/29/2022","402.75","407.20","413.00","388.10","2.51M","-0.80%"
"09/28/2022","406.00","410.00","412.20","403.25","1.45M","-1.85%"
"09/27/2022","413.65","419.50","422.35","404.30","1.70M","-1.34%"
"09/26/2022","419.25","418.45","429.60","411.05","3.30M","-1.80%"
"09/23/2022","426.95","429.30","444.95","424.05","6.13M","0.04%"
"09/22/2022","426.80","436.50","441.75","424.90","1.93M","-2.46%"
"09/21/2022","437.55","434.50","440.80","432.05","2.18M","1.36%"
"09/20/2022","431.70","428.95","436.00","426.30","1.05M","1.64%"
"09/19/2022","424.75","421.00","437.50","418.25","1.66M","-2.18%"
"09/16/2022","434.20","442.90","449.10","424.00","4.21M","-1.22%"
"09/15/2022","439.55","424.10","446.45","423.95","4.02M","4.01%"
"09/14/2022","422.60","418.05","426.00","408.85","1.70M","-0.05%"
"09/13/2022","422.80","424.40","425.95","418.35","966.63K","0.13%"
"09/12/2022","422.25","415.00","427.00","413.20","2.80M","2.17%"
"09/09/2022","413.30","382.05","417.15","382.05","9.46M","9.14%"
"09/08/2022","378.70","385.00","386.45","377.50","973.55K","-1.10%"
"09/07/2022","382.90","382.00","384.45","379.20","778.11K","0.14%"
"09/06/2022","382.35","379.00","389.40","379.00","1.52M","0.91%"
"09/05/2022","378.90","381.80","382.80","376.50","1.46M","-0.28%"
"09/02/2022","379.95","381.90","387.45","378.65","1.76M","-0.03%"
"09/01/2022","380.05","376.50","383.70","375.90","1.17M","-2.11%"
"08/30/2022","388.25","385.40","391.35","376.45","2.15M","3.84%"
"08/29/2022","373.90","374.55","379.40","365.75","1.46M","-1.27%"
"08/26/2022","378.70","383.90","386.75","378.05","925.46K","-0.86%"
"08/25/2022","382.00","381.50","385.55","374.10","1.15M","0.59%"
"08/24/2022","379.75","383.90","390.35","377.00","2.69M","-0.68%"
"08/23/2022","382.35","373.00","385.00","373.00","1.67M","1.42%"
"08/22/2022","377.00","379.95","385.80","374.15","3.69M","-0.51%"
"08/19/2022","378.95","385.60","386.70","368.30","9.39M","-1.72%"
"08/18/2022","385.60","387.55","393.75","378.85","3.10M","-0.35%"
"08/17/2022","386.95","402.00","404.70","384.90","3.17M","-2.49%"
"08/16/2022","396.85","355.00","404.80","354.10","27.76M","9.66%"
"08/12/2022","361.90","374.00","374.00","359.05","973.71K","-2.70%"
"08/11/2022","371.95","376.75","380.95","368.15","697.41K","0.04%"
"08/10/2022","371.80","385.25","386.35","370.10","1.32M","-2.57%"
"08/08/2022","381.60","379.80","395.95","378.00","1.46M","1.58%"
"08/05/2022","375.65","380.15","380.90","371.25","653.06K","-0.70%"
"08/04/2022","378.30","373.80","385.00","370.10","956.00K","2.26%"
"08/03/2022","369.95","367.35","370.80","365.05","370.33K","0.71%"
"08/02/2022","367.35","369.00","371.80","362.80","325.72K","-0.61%"
"08/01/2022","369.60","369.65","372.60","367.00","310.48K","-0.01%"
"07/29/2022","369.65","363.25","370.00","360.75","513.53K","1.82%"
"07/28/2022","363.05","362.75","364.45","360.20","273.05K","0.08%"
"07/27/2022","362.75","365.30","365.90","359.25","209.97K","-0.70%"
"07/26/2022","365.30","362.40","366.80","361.65","383.85K","1.02%"
"07/25/2022","361.60","361.90","363.70","356.80","290.05K","1.79%"
"07/22/2022","355.25","366.45","367.15","353.60","552.13K","-2.66%"
"07/21/2022","364.95","366.85","367.95","364.20","236.18K","-0.52%"
"07/20/2022","366.85","373.00","373.00","366.15","269.94K","-0.73%"
"07/19/2022","369.55","365.20","372.00","364.75","508.56K","1.48%"
"07/18/2022","364.15","369.10","375.50","362.50","951.32K","-1.18%"
"07/15/2022","368.50","376.00","377.00","366.15","841.89K","-1.37%"
"07/14/2022","373.60","366.50","374.75","366.50","1.12M","1.45%"
"07/13/2022","368.25","369.70","375.00","366.20","622.98K","0.56%"
"07/12/2022","366.20","365.95","369.80","364.20","852.66K","0.00%"
"07/11/2022","366.20","367.00","369.00","362.20","345.98K","0.62%"
"07/08/2022","363.95","364.85","366.85","363.00","219.56K","-0.25%"
"07/07/2022","364.85","373.80","373.80","364.00","730.33K","-1.29%"
"07/06/2022","369.60","365.15","374.90","362.70","774.70K","0.80%"
"07/05/2022","366.65","368.90","368.90","364.05","527.90K","0.16%"
"07/04/2022","366.05","358.70","370.50","357.10","271.76K","1.85%"
"07/01/2022","359.40","364.60","367.05","357.00","326.67K","-2.06%"
"06/30/2022","366.95","366.20","378.80","364.00","842.97K","-0.47%"
"06/29/2022","368.70","370.00","371.40","363.55","281.91K","-0.50%"
"06/28/2022","370.55","374.00","374.05","365.00","216.28K","-0.88%"
"06/27/2022","373.85","375.00","377.00","368.30","2.18M","0.43%"
"06/24/2022","372.25","374.00","374.00","364.05","308.86K","1.61%"
"06/23/2022","366.35","367.25","371.95","362.10","340.26K","0.58%"
"06/22/2022","364.25","361.60","368.65","358.70","2.41M","0.73%"
"06/21/2022","361.60","362.40","369.00","358.15","539.47K","-0.22%"
"06/20/2022","362.40","358.65","364.50","348.85","560.61K","1.05%"
"06/17/2022","358.65","347.00","361.00","347.00","564.18K","2.03%"
"06/16/2022","351.50","355.00","357.55","347.00","351.92K","-0.35%"
"06/15/2022","352.75","353.50","357.70","350.10","168.99K","-0.20%"
"06/14/2022","353.45","345.05","356.00","345.05","450.17K","0.44%"
"06/13/2022","351.90","356.00","356.25","344.40","496.95K","-1.53%"
"06/10/2022","357.35","355.00","362.35","353.60","394.81K","0.15%"
"06/09/2022","356.80","356.80","360.20","354.60","355.28K","0.00%"
"06/08/2022","356.80","365.90","366.40","355.35","313.63K","-2.85%"
"06/07/2022","367.25","364.00","369.85","354.00","735.13K","0.73%"
"06/06/2022","364.60","372.20","377.00","363.00","265.23K","-2.17%"
"06/03/2022","372.70","388.40","390.00","361.25","419.99K","-3.11%"
"06/02/2022","384.65","371.50","389.20","366.05","643.55K","4.09%"
"06/01/2022","369.55","382.75","384.00","366.20","413.06K","-2.84%"
"05/31/2022","380.35","374.00","382.95","373.55","742.28K","1.66%"
"05/30/2022","374.15","378.90","383.80","372.65","527.78K","-0.13%"
"05/27/2022","374.65","367.90","384.00","367.00","1.33M","2.48%"
"05/26/2022","365.60","355.00","369.70","351.00","363.64K","2.28%"
"05/25/2022","357.45","366.85","366.85","352.40","811.96K","-1.96%"
"05/24/2022","364.60","365.00","374.70","360.70","494.96K","-0.44%"
"05/23/2022","366.20","375.50","379.00","361.60","227.29K","-2.37%"
"05/20/2022","375.10","372.00","377.90","370.00","512.36K","1.92%"
"05/19/2022","368.05","356.95","369.85","355.00","741.05K","1.66%"
"05/18/2022","362.05","371.00","371.00","359.65","414.57K","-1.78%"
"05/17/2022","368.60","373.60","374.00","365.10","524.62K","0.14%"
"05/16/2022","368.10","367.50","381.00","366.05","748.99K","0.96%"
"05/13/2022","364.60","354.50","367.00","354.50","814.85K","3.04%"
"05/12/2022","353.85","354.50","360.80","349.30","440.49K","-1.12%"
"05/11/2022","357.85","358.00","364.00","353.35","502.80K","0.13%"
"05/10/2022","357.40","365.75","368.95","355.05","1.22M","-1.69%"
"05/09/2022","363.55","359.00","366.00","356.70","626.47K","-0.47%"
"05/06/2022","365.25","363.50","370.00","357.80","1.23M","-2.31%"
"05/05/2022","373.90","380.00","382.00","370.15","541.47K","0.08%"
"05/04/2022","373.60","391.60","398.00","361.50","720.54K","-4.56%"
"05/02/2022","391.45","408.00","411.55","381.30","1.47M","-5.41%"
"04/29/2022","413.85","401.00","416.95","398.70","1.69M","4.26%"
"04/28/2022","396.95","414.30","414.30","394.00","656.16K","-3.42%"
"04/27/2022","411.00","408.00","418.95","405.00","927.14K","0.35%"
"04/26/2022","409.55","419.85","419.85","403.95","1.07M","-1.16%"
"04/25/2022","414.35","410.80","421.40","407.65","2.02M","0.84%"
"04/22/2022","410.90","417.90","417.90","404.05","1.95M","-2.51%"
"04/21/2022","421.50","412.20","432.00","407.55","5.75M","3.07%"
"04/20/2022","408.95","374.90","417.75","372.40","10.13M","10.26%"
"04/19/2022","370.90","371.40","377.40","362.35","779.06K","-0.48%"
"04/18/2022","372.70","371.40","378.80","364.10","1.03M","0.26%"
"04/13/2022","371.75","373.00","374.80","370.00","607.60K","0.61%"
"04/12/2022","369.50","371.15","376.40","361.10","1.17M","-0.24%"
"04/11/2022","370.40","361.10","379.00","361.10","2.16M","2.58%"
"04/08/2022","361.10","357.00","363.95","356.00","1.96M","1.63%"
"04/07/2022","355.30","349.90","356.50","346.85","2.11M","2.44%"
"04/06/2022","346.85","367.00","367.00","344.20","3.56M","-6.10%"
"04/05/2022","369.40","358.40","373.00","358.40","5.03M","4.20%"
"04/04/2022","354.50","351.00","356.20","349.00","1.22M","1.07%"
"04/01/2022","350.75","350.00","358.00","347.30","2.10M","0.89%"
"03/31/2022","347.65","344.75","354.00","338.20","106.10M","-3.70%"
"03/30/2022","361.00","360.65","368.55","354.75","1.22M","1.55%"
"03/29/2022","355.50","343.65","358.00","343.05","1.50M","4.47%"
"03/28/2022","340.30","344.70","345.40","333.45","534.03K","-0.56%"
"03/25/2022","342.20","334.90","345.80","333.05","1.27M","2.98%"
"03/24/2022","332.30","330.50","333.95","330.25","3.00M","-0.17%"
"03/23/2022","332.85","330.40","337.50","330.10","3.07M","1.40%"
"03/22/2022","328.25","338.95","342.10","326.15","1.59M","-2.81%"
"03/21/2022","337.75","336.50","338.75","333.35","1.94M","0.94%"
"03/17/2022","334.60","354.00","354.00","331.00","8.88M","-4.58%"
"03/16/2022","350.65","346.00","352.65","341.70","930.91K","1.90%"
"03/15/2022","344.10","348.00","349.75","337.05","1.60M","-1.12%"
"03/14/2022","348.00","352.15","354.10","346.90","1.06M","-1.09%"
"03/11/2022","351.85","350.10","354.75","348.40","739.02K","-1.10%"
"03/10/2022","355.75","362.00","362.45","354.30","715.64K","0.58%"
"03/09/2022","353.70","344.10","356.20","344.10","1.07M","3.16%"
"03/08/2022","342.85","344.70","349.00","340.90","1.13M","-0.88%"
"03/07/2022","345.90","348.75","352.40","340.00","1.24M","-3.80%"
"03/04/2022","359.55","369.85","369.85","350.00","1.85M","-2.57%"
"03/03/2022","369.05","377.00","381.35","365.80","557.06K","-0.90%"
"03/02/2022","372.40","373.40","376.00","367.05","644.20K","-0.53%"
"02/28/2022","374.40","360.20","377.15","360.15","803.90K","2.06%"
"02/25/2022","366.85","358.00","378.00","351.35","972.85K","5.93%"
"02/24/2022","346.30","351.00","359.80","343.45","1.34M","-5.99%"
"02/23/2022","368.35","372.50","377.40","366.50","494.18K","-1.01%"
"02/22/2022","372.10","359.90","374.75","356.50","707.98K","1.40%"
"02/21/2022","366.95","369.10","375.70","364.40","1.17M","-1.00%"
"02/18/2022","370.65","375.15","380.00","369.00","589.14K","-2.46%"
"02/17/2022","380.00","383.30","384.45","375.05","992.78K","-0.04%"
"02/16/2022","380.15","371.60","384.00","363.25","1.25M","2.30%"
"02/15/2022","371.60","358.00","376.15","351.10","1.21M","2.48%"
"02/14/2022","362.60","368.45","372.40","352.00","1.64M","-1.59%"
"02/11/2022","368.45","384.80","384.80","365.00","1.04M","-4.14%"
"02/10/2022","384.35","364.65","390.00","357.00","2.46M","5.40%"
"02/09/2022","364.65","362.00","368.30","355.60","2.37M","1.32%"
"02/08/2022","359.90","352.25","369.50","349.65","1.81M","2.98%"
"02/07/2022","349.50","357.00","359.80","347.70","1.99M","-2.58%"
"02/04/2022","358.75","368.00","368.00","356.50","314.30K","-1.28%"
"02/03/2022","363.40","366.30","369.30","361.50","330.11K","-0.11%"
"02/02/2022","363.80","368.45","368.70","362.50","578.34K","-0.05%"
"02/01/2022","364.00","370.00","373.75","362.60","508.89K","-0.94%"
"01/31/2022","367.45","370.00","371.70","362.55","654.85K","-0.57%"
"01/28/2022","369.55","375.45","378.95","368.25","818.26K","-1.39%"
"01/27/2022","374.75","377.00","379.70","362.10","972.45K","1.42%"
"01/25/2022","369.50","360.00","388.00","345.20","2.90M","0.98%"
"01/24/2022","365.90","370.20","376.45","357.00","1.52M","-2.26%"
"01/21/2022","374.35","380.00","381.00","372.15","4.23M","-2.88%"
"01/20/2022","385.45","382.15","389.90","382.00","1.60M","0.19%"
"01/19/2022","384.70","393.20","393.20","377.30","2.56M","-1.60%"
"01/18/2022","390.95","396.00","399.70","390.00","363.54K","-0.77%"
"01/17/2022","394.00","396.55","400.95","393.00","361.41K","-0.64%"
"01/14/2022","396.55","403.90","404.70","394.00","587.92K","-2.06%"
"01/13/2022","404.90","405.70","413.65","404.00","1.05M","0.45%"
"01/12/2022","403.10","393.90","405.85","392.65","620.15K","3.15%"
"01/11/2022","390.80","399.00","402.85","390.00","762.63K","-2.02%"
"01/10/2022","398.85","403.00","409.40","396.10","702.82K","-0.82%"
"01/07/2022","402.15","407.50","412.00","394.25","1.05M","-1.78%"
"01/06/2022","409.45","408.10","416.30","407.25","829.94K","0.34%"
"01/05/2022","408.05","425.50","432.00","405.75","1.27M","-4.83%"
"01/04/2022","428.75","434.60","442.75","424.00","809.36K","-1.35%"
"01/03/2022","434.60","449.40","449.85","431.55","1.25M","-1.87%"
"12/31/2021","442.90","431.50","458.05","423.50","1.52M","2.99%"
"12/30/2021","430.05","426.00","433.45","420.35","1.04M","1.25%"
"12/29/2021","424.75","417.40","427.00","413.00","865.01K","2.34%"
"12/28/2021","415.05","428.65","430.85","411.05","1.53M","-2.36%"
"12/27/2021","425.10","415.00","426.40","415.00","1.27M","2.73%"
"12/24/2021","413.80","410.00","417.95","405.15","1.47M","1.58%"
"12/23/2021","407.35","404.70","415.40","399.00","2.45M","1.88%"
"12/22/2021","399.85","399.00","406.50","394.45","757.15K","0.68%"
"12/21/2021","397.15","394.00","410.00","392.40","3.63M","2.42%"
"12/20/2021","387.75","391.00","394.90","381.80","988.18K","-1.08%"
"12/17/2021","392.00","397.45","403.75","389.25","2.21M","-0.18%"
"12/16/2021","392.70","388.95","396.95","388.10","1.63M","1.74%"
"12/15/2021","386.00","384.40","394.40","380.00","663.74K","0.95%"
"12/14/2021","382.35","401.20","409.75","378.60","1.46M","-4.27%"
"12/13/2021","399.40","381.95","401.50","381.60","1.94M","4.68%"
"12/10/2021","381.55","378.85","387.50","378.40","813.46K","0.83%"
"12/09/2021","378.40","369.50","384.70","368.85","1.10M","2.70%"
"12/08/2021","368.45","365.00","371.00","363.10","326.14K","1.67%"
"12/07/2021","362.40","372.00","375.00","358.00","1.09M","-3.14%"
"12/06/2021","374.15","380.00","392.80","367.45","611.37K","-1.21%"
"12/03/2021","378.75","376.45","379.00","374.50","674.92K","0.96%"
"12/02/2021","375.15","378.00","380.80","372.00","555.84K","-0.21%"
"12/01/2021","375.95","382.00","382.00","371.95","442.55K","-1.12%"
"11/30/2021","380.20","376.65","385.50","339.70","1.06M","1.86%"
"11/29/2021","373.25","377.00","381.45","370.00","898.32K","0.40%"
"11/26/2021","371.75","365.00","377.00","361.30","1.31M","1.86%"
"11/25/2021","364.95","357.20","371.00","356.00","1.54M","2.17%"
"11/24/2021","357.20","342.60","362.00","341.55","924.31K","3.73%"
"11/23/2021","344.35","337.20","347.90","335.35","394.77K","0.53%"
"11/22/2021","342.55","360.00","360.00","336.80","477.27K","-4.16%"
"11/18/2021","357.40","371.50","371.50","348.15","1.26M","-2.80%"
"11/17/2021","367.70","364.50","377.00","360.55","1.48M","0.75%"
"11/16/2021","364.95","363.50","371.60","360.60","1.04M","0.37%"
"11/15/2021","363.60","347.50","375.85","336.40","2.98M","5.87%"
"11/12/2021","343.45","339.90","346.90","332.60","3.95M","1.99%"
"11/11/2021","336.75","339.00","343.00","332.10","398.53K","-0.18%"
"11/10/2021","337.35","337.80","343.55","336.35","1.31M","-0.25%"
"11/09/2021","338.20","340.00","341.45","336.75","2.85M","-0.35%"
"11/08/2021","339.40","347.65","347.65","338.00","293.13K","-1.84%"
"11/04/2021","345.75","344.95","347.00","343.40","81.54K","0.93%"
"11/03/2021","342.55","344.50","345.10","340.35","281.33K","-0.01%"
"11/02/2021","342.60","347.65","347.65","339.60","869.66K","-0.06%"
"11/01/2021","342.80","333.00","343.35","330.00","388.60K","3.46%"
"10/29/2021","331.35","332.00","334.90","328.10","355.76K","-1.18%"
"10/28/2021","335.30","337.85","339.40","328.55","303.40K","-1.05%"
"10/27/2021","338.85","346.40","347.35","336.90","155.42K","-1.31%"
"10/26/2021","343.35","336.00","346.75","323.80","382.92K","2.81%"
"10/25/2021","333.95","327.50","336.35","321.85","549.25K","0.36%"
"10/22/2021","332.75","345.95","349.00","330.25","743.27K","-3.41%"
"10/21/2021","344.50","349.75","349.75","334.00","415.48K","0.58%"
"10/20/2021","342.50","335.80","346.50","332.00","484.86K","2.00%"
"10/19/2021","335.80","345.05","346.35","332.55","1.04M","-2.92%"
"10/18/2021","345.90","354.40","355.40","343.30","1.21M","-1.30%"
"10/14/2021","350.45","332.40","352.50","325.50","1.36M","5.43%"
"10/13/2021","332.40","335.70","343.40","330.20","973.49K","-0.98%"
"10/12/2021","335.70","349.30","351.70","329.00","1.70M","-3.63%"
"10/11/2021","348.35","349.95","355.45","345.55","1.13M","-0.46%"
"10/08/2021","349.95","352.00","354.75","347.00","755.73K","-0.17%"
"10/07/2021","350.55","346.00","354.00","345.40","923.71K","0.89%"
"10/06/2021","347.45","355.00","355.55","341.05","4.13M","-1.45%"
"10/05/2021","352.55","355.30","358.95","351.90","2.08M","-0.13%"
"10/04/2021","353.00","359.90","360.50","350.25","4.53M","-1.59%"
"10/01/2021","358.70","359.40","368.50","357.20","1.11M","-0.24%"
"09/30/2021","359.55","361.90","363.70","357.70","1.45M","1.27%"
"09/29/2021","355.05","354.00","357.00","345.85","96.10M","-3.96%"
"09/28/2021","369.70","362.40","374.00","354.50","983.23K","2.99%"
"09/27/2021","358.95","366.10","366.65","354.00","471.88K","-1.64%"
"09/24/2021","364.95","373.75","376.85","361.00","519.02K","-1.78%"
"09/23/2021","371.55","375.45","379.90","369.00","378.05K","-0.09%"
"09/22/2021","371.90","365.45","375.00","365.40","808.43K","1.76%"
"09/21/2021","365.45","373.25","375.00","354.05","1.38M","-2.09%"
"09/20/2021","373.25","378.95","384.95","369.65","580.57K","-1.58%"
"09/17/2021","379.25","398.90","399.50","355.70","13.75M","-4.63%"
"09/16/2021","397.65","394.10","402.60","375.00","2.69M","1.03%"
"09/15/2021","393.60","400.00","401.00","389.10","1.14M","-0.88%"
"09/14/2021","397.10","389.90","402.50","383.65","2.03M","2.73%"
"09/13/2021","386.55","383.70","394.80","383.70","1.70M","1.32%"
"09/09/2021","381.50","386.90","390.35","378.00","1.04M","-0.90%"
"09/08/2021","384.95","382.00","386.60","377.80","578.22K","1.61%"
"09/07/2021","378.85","382.40","391.20","376.50","1.32M","-0.55%"
"09/06/2021","380.95","383.00","387.00","375.00","900.49K","0.20%"
"09/03/2021","380.20","371.35","383.95","368.00","1.23M","2.98%"
"09/02/2021","369.20","377.70","377.70","366.50","1.52M","-1.80%"
"09/01/2021","375.95","390.90","395.85","368.50","1.98M","-2.48%"
"08/31/2021","385.50","360.45","398.85","351.35","4.41M","6.79%"
"08/30/2021","361.00","337.00","366.40","337.00","2.60M","7.73%"
"08/27/2021","335.10","335.00","339.40","332.95","1.11M","0.54%"
"08/26/2021","333.30","326.30","337.25","324.30","2.18M","2.65%"
"08/25/2021","324.70","327.00","327.65","319.70","946.73K","-0.18%"
"08/24/2021","325.30","331.55","337.50","320.60","2.34M","-1.27%"
"08/23/2021","329.50","334.00","338.00","325.20","2.31M","-0.05%"
"08/20/2021","329.65","335.95","345.00","325.60","2.60M","-3.93%"
"08/18/2021","343.15","342.00","354.00","333.45","3.32M","-0.10%"
"08/17/2021","343.50","322.50","347.40","321.85","6.10M","6.73%"
"08/16/2021","321.85","319.30","328.90","316.75","1.28M","0.97%"
"08/13/2021","318.75","329.95","329.95","316.25","2.18M","-3.28%"
"08/12/2021","329.55","303.15","333.05","301.45","9.48M","9.63%"
"08/11/2021","300.60","303.65","307.00","291.30","3.66M","-1.00%"
"08/10/2021","303.65","289.50","309.80","285.10","7.47M","5.54%"
"08/09/2021","287.70","279.95","289.00","279.90","1.16M","3.38%"
"08/06/2021","278.30","280.00","280.85","272.80","2.16M","-0.04%"
"08/05/2021","278.40","285.00","286.00","277.00","1.19M","-0.84%"
"08/04/2021","280.75","288.35","291.40","275.25","1.23M","-1.78%"
"08/03/2021","285.85","296.00","296.55","284.35","843.60K","-2.92%"
"08/02/2021","294.45","302.00","305.90","293.35","1.29M","-0.67%"
"07/30/2021","296.45","278.00","301.20","276.25","3.15M","7.33%"
"07/29/2021","276.20","274.65","279.55","274.65","670.10K","0.62%"
"07/28/2021","274.50","278.35","278.35","273.35","1.15M","-0.60%"
"07/27/2021","276.15","277.75","284.10","275.00","958.22K","0.11%"
"07/26/2021","275.85","279.95","280.00","273.50","827.28K","-0.99%"
"07/23/2021","278.60","280.50","280.50","273.55","971.96K","-0.32%"
"07/22/2021","279.50","263.50","280.00","263.00","2.18M","7.73%"
"07/20/2021","259.45","269.20","271.15","256.95","576.63K","-2.83%"
"07/19/2021","267.00","267.20","271.85","266.25","324.19K","-0.67%"
"07/16/2021","268.80","267.00","271.00","266.75","392.62K","0.94%"
"07/15/2021","266.30","269.00","273.35","264.95","644.83K","-0.80%"
"07/14/2021","268.45","269.35","278.80","267.10","1.47M","-0.65%"
"07/13/2021","270.20","277.75","278.20","267.15","994.80K","-1.87%"
"07/12/2021","275.35","282.45","282.80","273.80","747.56K","-1.98%"
"07/09/2021","280.90","283.80","286.35","280.00","493.58K","-1.46%"
"07/08/2021","285.05","285.00","289.70","284.00","1.55M","0.37%"
"07/07/2021","284.00","282.40","285.00","280.50","433.95K","0.39%"
"07/06/2021","282.90","284.00","284.95","280.00","1.09M","0.12%"
"07/05/2021","282.55","278.20","284.15","277.20","1.16M","0.95%"
"07/02/2021","279.90","264.00","284.40","264.00","3.99M","6.10%"
"07/01/2021","263.80","254.95","268.80","252.35","2.85M","3.65%"
"06/30/2021","254.50","255.40","259.50","250.60","834.96K","0.35%"
"06/29/2021","253.60","256.80","257.50","252.75","493.69K","-0.72%"
"06/28/2021","255.45","259.10","263.00","252.20","1.08M","-0.35%"
"06/25/2021","256.35","259.20","261.05","254.00","898.06K","-0.21%"
"06/24/2021","256.90","262.50","265.00","255.20","1.21M","-1.29%"
"06/23/2021","260.25","249.60","264.60","248.00","2.30M","4.27%"
"06/22/2021","249.60","247.00","251.70","247.00","558.90K","1.30%"
"06/21/2021","246.40","247.25","248.30","236.00","1.02M","-1.62%"
"06/18/2021","250.45","250.00","251.95","240.20","1.08M","0.52%"
"06/17/2021","249.15","252.00","254.70","245.50","731.35K","-1.68%"
"06/16/2021","253.40","250.20","254.95","248.10","889.69K","0.72%"
"06/15/2021","251.60","253.20","255.80","248.50","872.12K","-1.04%"
"06/14/2021","254.25","253.00","258.00","245.05","1.45M","-0.43%"
"06/11/2021","255.35","258.35","259.15","251.45","1.21M","-0.37%"
"06/10/2021","256.30","250.55","258.00","250.30","3.13M","3.91%"
"06/09/2021","246.65","246.00","252.00","239.05","1.90M","0.63%"
"06/08/2021","245.10","243.00","249.50","235.05","2.77M","0.39%"
"06/07/2021","244.15","248.10","249.00","240.00","1.32M","-0.69%"
"06/04/2021","245.85","246.80","254.00","243.00","4.97M","0.39%"
"06/03/2021","244.90","230.35","248.40","229.50","9.15M","6.71%"
"06/02/2021","229.50","231.60","236.85","228.10","2.84M","-0.37%"
"06/01/2021","230.35","224.00","232.20","222.65","3.65M","3.57%"
"05/31/2021","222.40","225.05","226.90","218.25","1.88M","-0.96%"
"05/28/2021","224.55","230.95","233.50","222.35","1.96M","-3.04%"
"05/27/2021","231.60","232.00","237.90","226.75","7.40M","0.13%"
"05/26/2021","231.30","234.85","235.70","230.30","1.35M","-0.90%"
"05/25/2021","233.40","235.00","237.90","232.00","3.36M","-0.49%"
"05/24/2021","234.55","228.00","235.85","227.20","7.24M","3.21%"
"05/21/2021","227.25","227.00","234.00","224.80","24.27M","0.96%"
"05/20/2021","225.10","227.00","228.70","223.00","4.87M","-0.38%"
"05/19/2021","225.95","222.70","229.40","222.00","2.66M","1.48%"
"05/18/2021","222.65","219.50","225.10","215.35","3.95M","1.78%"
"05/17/2021","218.75","222.00","222.55","214.50","1.02M","-0.61%"
"05/14/2021","220.10","224.75","226.00","215.50","2.18M","-1.52%"
"05/12/2021","223.50","236.00","237.40","221.25","3.81M","-4.55%"
"05/11/2021","234.15","231.00","236.80","229.60","1.97M","1.14%"
"05/10/2021","231.50","228.95","241.30","228.05","10.39M","1.83%"
"05/07/2021","227.35","230.30","232.95","226.00","5.19M","-0.57%"
"05/06/2021","228.65","230.00","231.70","226.35","7.98M","-0.50%"
"05/05/2021","229.80","227.95","239.50","224.55","6.71M","0.81%"
"05/04/2021","227.95","233.00","233.00","226.10","523.85K","-1.23%"
"05/03/2021","230.80","227.70","233.25","227.50","768.19K","1.70%"
"04/30/2021","226.95","222.50","235.00","222.20","724.87K","1.09%"
"04/29/2021","224.50","228.10","229.35","223.50","299.18K","-0.71%"
"04/28/2021","226.10","228.70","230.65","225.05","460.28K","-0.59%"
"04/27/2021","227.45","226.40","229.50","224.85","1.73M","1.20%"
"04/26/2021","224.75","227.90","229.95","224.00","353.97K","0.13%"
"04/23/2021","224.45","228.00","231.00","222.50","1.48M","-0.58%"
"04/22/2021","225.75","236.85","237.90","225.00","1.23M","-4.20%"
"04/20/2021","235.65","237.00","241.95","232.50","4.58M","0.88%"
"04/19/2021","233.60","221.00","237.50","217.05","2.48M","5.20%"
"04/16/2021","222.05","221.10","226.00","220.20","651.80K","0.95%"
"04/15/2021","219.95","221.00","221.35","215.75","999.74K","-0.02%"
"04/13/2021","220.00","220.00","225.35","218.00","507.98K","-0.38%"
"04/12/2021","220.85","216.70","227.00","212.00","1.62M","0.89%"
"04/09/2021","218.90","226.90","226.90","218.00","723.15K","-1.53%"
"04/08/2021","222.30","223.85","230.00","220.35","728.50K","-1.11%"
"04/07/2021","224.80","232.90","235.70","221.50","1.04M","-2.49%"
"04/06/2021","230.55","230.50","239.00","227.00","1.28M","0.83%"
"04/05/2021","228.65","222.40","234.50","213.00","2.65M","4.79%"
"04/01/2021","218.20","204.25","221.00","204.25","930.34K","6.05%"
"03/31/2021","205.75","205.50","207.85","200.10","649.63K","0.32%"
"03/30/2021","205.10","200.70","208.45","198.75","361.97K","3.22%"
"03/26/2021","198.70","201.40","202.75","197.55","2.42M","-0.03%"
"03/25/2021","198.75","204.75","204.80","197.50","535.92K","-2.09%"
"03/24/2021","203.00","203.00","205.35","200.15","461.78K","-0.85%"
"03/23/2021","204.75","203.75","206.15","200.00","2.01M","0.34%"
"03/22/2021","204.05","198.20","204.80","198.20","470.35K","2.31%"
"03/19/2021","199.45","194.00","200.85","181.25","629.02K","0.83%"
"03/18/2021","197.80","202.90","204.40","196.50","758.00K","-1.91%"
"03/17/2021","201.65","206.40","209.00","198.60","737.56K","-2.30%"
"03/16/2021","206.40","204.00","214.40","203.50","1.69M","1.98%"
"03/15/2021","202.40","207.00","207.00","195.25","828.25K","-1.87%"
"03/12/2021","206.25","205.00","209.45","202.50","4.45M","2.33%"
"03/10/2021","201.55","203.00","204.00","198.50","810.08K","1.26%"
"03/09/2021","199.05","198.60","200.35","196.00","2.24M","0.23%"
"03/08/2021","198.60","201.00","205.60","196.80","1.03M","-0.13%"
"03/05/2021","198.85","197.40","200.70","191.30","2.19M","1.77%"
"03/04/2021","195.40","187.10","197.90","186.15","1.08M","2.98%"
"03/03/2021","189.75","191.20","192.15","189.00","829.90K","0.42%"
"03/02/2021","188.95","185.60","193.55","185.10","1.02M","2.27%"
"03/01/2021","184.75","182.95","186.95","180.60","443.43K","1.90%"
"02/26/2021","181.30","181.80","183.40","178.00","627.90K","-0.93%"
"02/25/2021","183.00","185.50","189.90","182.10","954.48K","-0.44%"
"02/24/2021","183.80","184.85","188.70","180.10","483.43K","-0.08%"
"02/23/2021","183.95","188.50","192.75","181.70","1.46M","-2.88%"
"02/22/2021","189.40","208.40","210.85","187.05","1.48M","-8.39%"
"02/19/2021","206.75","204.40","213.40","203.20","887.13K","1.82%"
"02/18/2021","203.05","202.60","210.40","201.35","1.06M","0.92%"
"02/17/2021","201.20","192.45","211.80","189.50","799.28K","5.07%"
"02/16/2021","191.50","195.95","197.60","190.45","343.43K","-1.90%"
"02/15/2021","195.20","199.75","204.00","194.50","1.01M","-1.49%"
"02/12/2021","198.15","194.80","208.00","194.35","1.41M","0.18%"
"02/11/2021","197.80","180.90","202.00","179.95","2.08M","9.92%"
"02/10/2021","179.95","185.00","188.50","177.50","512.28K","-3.15%"
"02/09/2021","185.80","182.55","190.50","180.10","893.61K","2.40%"
"02/08/2021","181.45","183.50","188.00","179.00","1.49M","1.26%"
"02/05/2021","179.20","176.80","182.00","173.05","625.28K","2.11%"
"02/04/2021","175.50","171.80","180.90","171.20","1.12M","2.81%"
"02/03/2021","170.70","174.45","174.50","170.00","315.41K","0.65%"
"02/02/2021","169.60","169.90","179.10","168.60","820.56K","1.41%"
"02/01/2021","167.25","163.45","171.70","163.00","798.45K","3.11%"
"01/29/2021","162.20","163.50","164.15","161.50","164.57K","0.00%"
"01/28/2021","162.20","163.65","164.90","161.30","263.15K","-1.49%"
"01/27/2021","164.65","161.55","165.00","160.15","261.77K","1.48%"
"01/25/2021","162.25","163.10","165.00","158.70","494.92K","-0.25%"
"01/22/2021","162.65","163.40","165.00","160.00","666.83K","-0.55%"
"01/21/2021","163.55","163.95","165.25","162.50","473.53K","0.65%"
"01/20/2021","162.50","166.15","167.50","161.90","292.99K","-1.93%"
"01/19/2021","165.70","166.35","170.00","164.80","547.76K","0.82%"
"01/18/2021","164.35","160.00","167.80","158.50","657.06K","2.75%"
"01/15/2021","159.95","162.25","165.55","157.95","903.41K","-0.81%"
"01/14/2021","161.25","159.65","163.90","159.65","335.53K","1.00%"
"01/13/2021","159.65","164.55","167.45","155.00","613.69K","-2.35%"
"01/12/2021","163.50","159.85","164.95","158.50","714.56K","2.28%"
"01/11/2021","159.85","155.05","161.90","155.05","808.88K","3.60%"
"01/08/2021","154.30","157.80","158.45","153.05","841.61K","-1.22%"
"01/07/2021","156.20","144.50","158.10","143.50","2.04M","8.74%"
"01/06/2021","143.65","142.00","144.90","141.20","331.19K","1.34%"
"01/05/2021","141.75","140.25","143.90","140.00","180.43K","0.00%"
"01/04/2021","141.75","145.80","145.80","141.10","224.09K","-0.53%"
"01/01/2021","142.50","140.25","144.50","140.25","281.97K","1.68%"
"12/31/2020","140.15","140.50","143.90","139.65","589.48K","-0.25%"
"12/30/2020","140.50","141.60","142.40","140.05","152.40K","-0.32%"
"12/29/2020","140.95","144.80","144.85","140.10","221.82K","-1.91%"
"12/28/2020","143.70","142.85","146.00","142.10","394.53K","1.63%"
"12/24/2020","141.40","142.80","144.40","141.00","246.10K","-0.11%"
"12/23/2020","141.55","138.00","147.30","136.95","1.12M","3.93%"
"12/22/2020","136.20","135.00","138.40","131.10","843.51K","4.53%"
"12/21/2020","130.30","140.00","140.95","128.50","459.69K","-7.09%"
"12/18/2020","140.25","139.80","142.00","135.55","312.31K","0.75%"
"12/17/2020","139.20","139.90","142.60","138.55","293.57K","0.25%"
"12/16/2020","138.85","138.40","140.60","138.00","422.88K","1.06%"
"12/15/2020","137.40","139.65","139.65","135.00","359.97K","-1.08%"
"12/14/2020","138.90","141.95","142.25","137.20","338.61K","-1.31%"
"12/11/2020","140.75","142.00","149.00","140.00","337.23K","-0.14%"
"12/10/2020","140.95","139.80","143.65","138.85","458.17K","1.18%"
"12/09/2020","139.30","143.00","146.25","138.00","505.52K","-2.00%"
"12/08/2020","142.15","150.05","150.70","138.50","958.73K","-4.40%"
"12/07/2020","148.70","142.90","151.90","142.00","2.29M","6.67%"
"12/04/2020","139.40","128.50","141.00","128.50","1.59M","8.78%"
"12/03/2020","128.15","129.35","130.25","127.60","311.16K","0.16%"
"12/02/2020","127.95","128.90","130.90","126.00","564.40K","0.43%"
"12/01/2020","127.40","128.00","130.60","126.50","467.66K","0.28%"
"11/27/2020","127.05","125.00","127.90","124.25","292.05K","2.38%"
"11/26/2020","124.10","124.55","126.20","123.75","183.02K","-0.20%"
"11/25/2020","124.35","127.70","127.70","123.00","341.36K","-1.03%"
"11/24/2020","125.65","127.70","129.00","125.00","464.98K","-0.51%"
"11/23/2020","126.30","124.40","129.20","122.10","740.62K","1.94%"
"11/20/2020","123.90","121.55","124.95","120.60","526.95K","2.35%"
"11/19/2020","121.05","118.10","125.00","118.10","828.51K","0.92%"
"11/18/2020","119.95","121.50","122.40","119.55","272.34K","-1.44%"
"11/17/2020","121.70","122.25","124.60","120.80","650.72K","-0.41%"
"11/13/2020","122.20","117.90","124.80","116.90","987.88K","3.43%"
"11/12/2020","118.15","120.00","120.00","97.15","568.37K","-2.52%"
"11/11/2020","121.20","115.35","123.00","115.10","1.57M","5.16%"
"11/10/2020","115.25","119.25","121.00","114.50","442.92K","-3.96%"
"11/09/2020","120.00","115.70","122.70","115.55","1.57M","4.80%"
"11/06/2020","114.50","114.20","115.55","112.40","239.90K","-0.04%"
"11/05/2020","114.55","115.05","116.80","113.00","1.09M","1.19%"
"11/04/2020","113.20","107.80","114.25","107.50","755.69K","5.01%"
"11/03/2020","107.80","108.05","108.05","107.15","123.40K","0.61%"
"11/02/2020","107.15","106.50","110.00","106.25","171.59K","0.56%"
"10/30/2020","106.55","105.00","110.90","104.10","383.82K","2.80%"
"10/29/2020","103.65","104.10","105.10","102.35","173.70K","-0.86%"
"10/28/2020","104.55","106.25","106.65","104.00","152.27K","-1.41%"
"10/27/2020","106.05","106.40","107.40","104.65","294.75K","0.81%"
"10/26/2020","105.20","105.05","106.60","104.00","240.89K","-0.09%"
"10/23/2020","105.30","106.45","106.50","104.80","244.63K","-0.33%"
"10/22/2020","105.65","106.55","107.00","104.40","265.31K","-0.52%"
"10/21/2020","106.20","106.75","108.10","105.80","157.75K","-0.70%"
"10/20/2020","106.95","108.80","108.90","106.55","156.58K","-1.52%"
"10/19/2020","108.60","108.70","109.80","107.00","216.81K","0.46%"
"10/16/2020","108.10","107.50","109.15","106.60","170.24K","0.89%"
"10/15/2020","107.15","110.00","114.50","106.30","479.09K","-2.55%"
"10/14/2020","109.95","113.60","113.60","109.50","305.69K","-2.40%"
"10/13/2020","112.65","109.60","113.40","108.80","547.10K","3.78%"
"10/12/2020","108.55","111.25","112.80","107.60","415.41K","-1.94%"
"10/09/2020","110.70","113.15","113.60","109.55","545.29K","-1.73%"
"10/08/2020","112.65","115.45","115.90","112.10","550.75K","-1.44%"
"10/07/2020","114.30","115.75","115.75","111.95","407.97K","-1.08%"
"10/06/2020","115.55","114.15","117.30","114.10","440.12K","1.36%"
"10/05/2020","114.00","116.05","117.65","113.60","319.24K","-1.64%"
"10/01/2020","115.90","116.70","119.10","114.35","1.66M","0.48%"
"09/30/2020","115.35","113.00","117.90","112.75","1.29M","1.67%"
"09/29/2020","113.45","117.00","117.50","111.75","1.30M","-2.66%"
"09/28/2020","116.55","111.55","119.50","111.35","5.29M","6.05%"
"09/25/2020","109.90","110.10","112.00","109.25","473.90K","1.06%"
"09/24/2020","108.75","110.00","112.95","108.00","389.95K","-1.98%"
"09/23/2020","110.95","110.90","115.90","108.55","1.23M","1.74%"
"09/22/2020","109.05","110.95","112.40","107.00","574.75K","-1.67%"
"09/21/2020","110.90","117.95","119.30","107.85","1.76M","-5.09%"
"09/18/2020","116.85","118.60","120.90","115.25","1.11M","-0.72%"
"09/17/2020","117.70","120.00","121.35","116.10","617.66K","-2.49%"
"09/16/2020","120.70","119.90","122.00","116.90","749.71K","1.64%"
"09/15/2020","118.75","122.00","125.40","117.30","1.26M","-1.78%"
"09/14/2020","120.90","127.00","129.35","120.15","3.50M","-8.10%"
"09/11/2020","131.55","120.45","133.95","120.30","11.03M","17.77%"
"09/10/2020","111.70","113.25","115.95","111.00","731.28K","0.22%"
"09/09/2020","111.45","106.00","114.95","105.60","798.34K","1.32%"
"09/08/2020","110.00","114.60","116.25","107.45","845.61K","-2.96%"
"09/07/2020","113.35","115.65","118.70","112.65","740.17K","-1.65%"
"09/04/2020","115.25","107.00","120.90","105.30","1.51M","3.13%"
"09/03/2020","111.75","107.00","111.75","103.10","849.55K","4.98%"
"09/02/2020","106.45","101.10","110.00","101.10","181.68K","0.71%"
"09/01/2020","105.70","101.10","110.50","101.10","803.35K","-0.66%"
"08/31/2020","106.40","107.20","107.30","106.40","519.75K","-4.96%"
"08/28/2020","111.95","111.95","117.00","111.95","820.10K","-4.97%"
"08/27/2020","117.80","123.00","123.00","117.80","771.81K","-5.00%"
"08/26/2020","124.00","129.30","129.30","117.00","3.24M","0.69%"
"08/25/2020","123.15","123.15","123.15","123.15","45.33K","4.99%"
"08/24/2020","117.30","117.30","117.30","117.30","56.26K","4.97%"